-- MySQL dump 10.13  Distrib 8.0.19, for Linux (x86_64)
--
-- Host: 172.17.0.1    Database: baseFrame
-- ------------------------------------------------------
-- Server version	8.0.19

/*!40101 SET @OLD_CHARACTER_SET_CLIENT = @@CHARACTER_SET_CLIENT */;
/*!40101 SET @OLD_CHARACTER_SET_RESULTS = @@CHARACTER_SET_RESULTS */;
/*!40101 SET @OLD_COLLATION_CONNECTION = @@COLLATION_CONNECTION */;
/*!50503 SET NAMES utf8mb4 */;
/*!40103 SET @OLD_TIME_ZONE = @@TIME_ZONE */;
/*!40103 SET TIME_ZONE = '+8:00' */;
/*!40014 SET @OLD_UNIQUE_CHECKS = @@UNIQUE_CHECKS, UNIQUE_CHECKS = 0 */;
/*!40014 SET @OLD_FOREIGN_KEY_CHECKS = @@FOREIGN_KEY_CHECKS, FOREIGN_KEY_CHECKS = 0 */;
/*!40101 SET @OLD_SQL_MODE = @@SQL_MODE, SQL_MODE = 'NO_AUTO_VALUE_ON_ZERO' */;
/*!40111 SET @OLD_SQL_NOTES = @@SQL_NOTES, SQL_NOTES = 0 */;

--
-- Table structure for table `frame_system_backup`
--

DROP TABLE IF EXISTS `frame_system_backup`;
/*!40101 SET @saved_cs_client = @@character_set_client */;
/*!50503 SET character_set_client = utf8mb4 */;
CREATE TABLE `frame_system_backup`
(
    `id`        int unsigned NOT NULL AUTO_INCREMENT,
    `file_name` varchar(50)  NOT NULL DEFAULT '0',
    `file_size` int unsigned NOT NULL DEFAULT '0',
    `file_md5`  char(32)     NOT NULL DEFAULT '0',
    `crt_dt`    datetime     NOT NULL,
    PRIMARY KEY (`id`)
) ENGINE = InnoDB
  AUTO_INCREMENT = 19
  DEFAULT CHARSET = utf8mb4
  COLLATE = utf8mb4_0900_ai_ci COMMENT ='数据库备份文件信息';
/*!40101 SET character_set_client = @saved_cs_client */;

--
-- Dumping data for table `frame_system_backup`
--

LOCK TABLES `frame_system_backup` WRITE;
/*!40000 ALTER TABLE `frame_system_backup`
    DISABLE KEYS */;
INSERT INTO `frame_system_backup` (`id`, `file_name`, `file_size`, `file_md5`, `crt_dt`)
VALUES (17, 'baseFrame-develop-2019-05-28-1559025970.sql', 27484, '53e74de96def91e5949c2a0e48d3b0e4',
        '2019-05-28 14:46:10');
/*!40000 ALTER TABLE `frame_system_backup`
    ENABLE KEYS */;
UNLOCK TABLES;

--
-- Table structure for table `frame_system_menu`
--

DROP TABLE IF EXISTS `frame_system_menu`;
/*!40101 SET @saved_cs_client = @@character_set_client */;
/*!50503 SET character_set_client = utf8mb4 */;
CREATE TABLE `frame_system_menu`
(
    `id`    tinyint     NOT NULL AUTO_INCREMENT,
    `name`  varchar(50) NOT NULL DEFAULT '0',
    `icon`  varchar(50) NOT NULL DEFAULT '0',
    `url`   varchar(50) NOT NULL DEFAULT '0',
    `up_id` tinyint     NOT NULL DEFAULT '0',
    `level` tinyint     NOT NULL DEFAULT '0',
    PRIMARY KEY (`id`)
) ENGINE = InnoDB
  AUTO_INCREMENT = 42
  DEFAULT CHARSET = utf8mb4
  COLLATE = utf8mb4_0900_ai_ci COMMENT ='主菜单';
/*!40101 SET character_set_client = @saved_cs_client */;

--
-- Dumping data for table `frame_system_menu`
--

LOCK TABLES `frame_system_menu` WRITE;
/*!40000 ALTER TABLE `frame_system_menu`
    DISABLE KEYS */;
INSERT INTO `frame_system_menu` (`id`, `name`, `icon`, `url`, `up_id`, `level`)
VALUES (5, '日志中心', '', 'view/log', 0, 1),
       (7, '系统管理', '', 'view/system', 0, 1),
       (16, '主菜单设置', '&#xe6b8;', 'view/system/menu_list.html', 7, 2),
       (20, '系统用户设置', '&#xe6b8;', 'view/system/user_list.html', 7, 2),
       (21, 'swoole日志', '&#xe6b8;', 'view/log/swoole_list.html', 5, 2),
       (25, '更新服务器数据', '&#xe6a2;', 'view/system/pull.html', 7, 2),
       (26, '数据库备份/恢复', '&#xe6a2;', 'view/system/db_list.html', 7, 2),
       (32, 'mongo日志', '&#xe6a2;', 'view/log/mongo_list.html', 5, 2),
       (34, '登录日志', 'we3', 'view/log/user_list.html', 5, 2),
       (37, '系统路由', '&xe63a', 'view/system/router_list.html	', 7, 2),
       (38, '监控中心', '', 'view/control', 0, 1),
       (39, '数据连接池管理', '&nbsp', 'view/control/list.html', 38, 2);
/*!40000 ALTER TABLE `frame_system_menu`
    ENABLE KEYS */;
UNLOCK TABLES;

--
-- Table structure for table `frame_system_msg`
--

DROP TABLE IF EXISTS `frame_system_msg`;
/*!40101 SET @saved_cs_client = @@character_set_client */;
/*!50503 SET character_set_client = utf8mb4 */;
CREATE TABLE `frame_system_msg`
(
    `id`      int unsigned  NOT NULL AUTO_INCREMENT,
    `content` varchar(1000) NOT NULL,
    `crt_dt`  datetime      NOT NULL,
    `upt_dt`  datetime      NOT NULL,
    `upt_id`  int unsigned  NOT NULL,
    PRIMARY KEY (`id`)
) ENGINE = InnoDB
  AUTO_INCREMENT = 2
  DEFAULT CHARSET = utf8mb4
  COLLATE = utf8mb4_0900_ai_ci COMMENT ='非正常提示码';
/*!40101 SET character_set_client = @saved_cs_client */;

--
-- Dumping data for table `frame_system_msg`
--

LOCK TABLES `frame_system_msg` WRITE;
/*!40000 ALTER TABLE `frame_system_msg`
    DISABLE KEYS */;
INSERT INTO `frame_system_msg` (`id`, `content`, `crt_dt`, `upt_dt`, `upt_id`)
VALUES (1, '测试内容', '2019-02-01 20:26:15', '0000-00-00 00:00:00', 1);
/*!40000 ALTER TABLE `frame_system_msg`
    ENABLE KEYS */;
UNLOCK TABLES;

--
-- Table structure for table `frame_system_router`
--

DROP TABLE IF EXISTS `frame_system_router`;
/*!40101 SET @saved_cs_client = @@character_set_client */;
/*!50503 SET character_set_client = utf8mb4 */;
CREATE TABLE `frame_system_router`
(
    `id`      int unsigned NOT NULL AUTO_INCREMENT,
    `name`    varchar(20)  NOT NULL DEFAULT '0' COMMENT '请求路由名称',
    `url`     varchar(200) NOT NULL DEFAULT '0',
    `auth`    tinyint(1)   NOT NULL DEFAULT '0',
    `method`  char(6)      NOT NULL DEFAULT '0',
    `action`  varchar(200) NOT NULL DEFAULT '0',
    `type`    tinyint      NOT NULL DEFAULT '0' COMMENT '路由类型，默认0后台路由，1前台路由',
    `menu_id` int unsigned NOT NULL DEFAULT '0' COMMENT '路由所属类别',
    `comment` varchar(50)  NOT NULL,
    PRIMARY KEY (`id`)
) ENGINE = InnoDB
  AUTO_INCREMENT = 14
  DEFAULT CHARSET = utf8mb4
  COLLATE = utf8mb4_0900_ai_ci COMMENT ='系统路由';
/*!40101 SET character_set_client = @saved_cs_client */;

--
-- Dumping data for table `frame_system_router`
--

LOCK TABLES `frame_system_router` WRITE;
/*!40000 ALTER TABLE `frame_system_router`
    DISABLE KEYS */;
INSERT INTO `frame_system_router` (`id`, `name`, `url`, `auth`, `method`, `action`, `type`, `menu_id`, `comment`)
VALUES (1, 'mongo日志列表', '/system/log_mongo/get_mongo_list', 0, 'GET', '*', 0, 5, 'co_log日志列表'),
       (3, '日志基本信息', '/system/log_mongo/get_mongo_info', 1, 'GET', '*', 0, 5, '获取mongoj日志基本信息'),
       (4, 'swoole日志', '/system/log_swoole/get_info', 1, 'GET', '*', 0, 5, '获取swoole日志'),
       (5, '清空日志', '/system/log_swoole/clean_log', 1, 'POST', '*', 0, 5, '清空swoole日志'),
       (6, 'monolog文件日志', '/system/log_swoole/get_monolog', 1, 'GET', '*', 0, 5, '获取monolog文件存储的日志'),
       (7, '登录日志', '/system/log_user/get_user_list', 1, 'GET', '*', 0, 5, '后台用户登录日志'),
       (8, '异步日志', '/task/log/index', 0, 'CLI', '*', 0, 0, '异步日志操作'),
       (9, '异步日志-finish', '/finish/log/index', 0, 'CLI', '/finish/flog/index', 0, 0, '异步日志-finish'),
       (10, 'close回调', '/close/index/index', 0, 'GET', '*', 0, 0, '连接完成关闭时close回调处理相关路由'),
       (11, '测试路由', '/login/test', 0, 'GET', '*', 1, 0, '测试路由'),
       (12, '测试添加缓存', '/login/set_redis', 0, 'GET', '*', 1, 0, '测试缓存'),
       (13, '测试获取缓存', '/login/get_redis', 0, 'GET', '*', 1, 0, '测试获取缓存');
/*!40000 ALTER TABLE `frame_system_router`
    ENABLE KEYS */;
UNLOCK TABLES;

--
-- Table structure for table `frame_system_user`
--

DROP TABLE IF EXISTS `frame_system_user`;
/*!40101 SET @saved_cs_client = @@character_set_client */;
/*!50503 SET character_set_client = utf8mb4 */;
CREATE TABLE `frame_system_user`
(
    `id`     int unsigned     NOT NULL AUTO_INCREMENT,
    `name`   varchar(50)      NOT NULL DEFAULT '0',
    `pwd`    char(64)         NOT NULL DEFAULT '0',
    `status` tinyint unsigned NOT NULL DEFAULT '0' COMMENT '用户状态：默认10启用、20禁用',
    `crt_dt` datetime                  DEFAULT NULL,
    `remark` varchar(100)     NOT NULL DEFAULT '0',
    PRIMARY KEY (`id`),
    KEY `frame_system_user_name_index` (`name`)
) ENGINE = InnoDB
  AUTO_INCREMENT = 21
  DEFAULT CHARSET = utf8mb4
  COLLATE = utf8mb4_0900_ai_ci;
/*!40101 SET character_set_client = @saved_cs_client */;

--
-- Dumping data for table `frame_system_user`
--

LOCK TABLES `frame_system_user` WRITE;
/*!40000 ALTER TABLE `frame_system_user`
    DISABLE KEYS */;
INSERT INTO `frame_system_user` (`id`, `name`, `pwd`, `status`, `crt_dt`, `remark`)
VALUES (1, 'ceshi001', '$2y$10$eEfp4xsHx5q3fO0x95vOle6aAUCVb7QEHHD6RaJUrICJrHjmOsHBm', 10, '2018-10-25 01:59:38', '0'),
       (8, 'ceshi003', '$2y$10$TArksPTaF0oTpHHSu8hoNuJvf6UAJTU1dw/7y498zezIodL6685Z2', 10, '2018-12-06 20:46:08', '0'),
       (9, 'ceshi004', '$2y$10$5wrx57Z7cjVnJCSHNojTN.m.AnIiRtPCNn6BBtHZ0PBQfqOqLTbjm', 10, '2018-12-06 20:53:04', '0'),
       (10, 'ceshi005', '$2y$10$HYwj.upR3Fk2QbLYzzP4buRl2ILO5zLW9OFdOEw30FjCB9R5A7LVa', 10, '2018-12-06 21:04:13', '0'),
       (11, 'ceshi006', '$2y$10$h7SS5Jl2qxOSso1lT2NIYeqSaaU/sc8XOPWvE2SndtouQoY.ZRYUG', 10, '2018-12-06 21:06:55', '0'),
       (12, 'ceshi007', '$2y$10$dkWcjXX9OaJLN4sM0bU13.VnJ7c3M2aF2xonfSsPN7qvlOFwfD1kG', 20, '2018-12-06 21:14:37',
        '0434'),
       (14, 'ceshi123', '$2y$10$f4lQb6NyUEnEKl9fSpoc3uoIP7gKhaV8m.FwQwBpCHon0xfhLucZi', 10, '2018-12-06 22:18:42',
        '123456'),
       (17, 'ceshi999', '$2y$10$ro.A/UL3rvGg000OKr9b2OEpiIwdJ8MCM3xV3J7N4v/AAZlhSd3KK', 20, '2019-01-15 14:20:05',
        '123'),
       (18, 'ceshi000', '$2y$10$XTczMgbAjlBTyFEt3spEA.e7boivuwZ.hpwKu6uoiW3Hh9gDwSM/O', 10, '2019-01-15 14:32:05', '0');
/*!40000 ALTER TABLE `frame_system_user`
    ENABLE KEYS */;
UNLOCK TABLES;

--
-- Table structure for table `frame_system_user_log`
--

DROP TABLE IF EXISTS `frame_system_user_log`;
/*!40101 SET @saved_cs_client = @@character_set_client */;
/*!50503 SET character_set_client = utf8mb4 */;
CREATE TABLE `frame_system_user_log`
(
    `id`        int unsigned NOT NULL AUTO_INCREMENT,
    `user_id`   int unsigned NOT NULL DEFAULT '0' COMMENT '用户ID',
    `login_dt`  datetime              DEFAULT NULL COMMENT '用户登录时间',
    `logout_dt` datetime              DEFAULT NULL COMMENT '用户退出时间',
    `login_ip`  mediumtext   NOT NULL,
    PRIMARY KEY (`id`),
    KEY `frame_system_user_log_user_id_index` (`user_id`)
) ENGINE = InnoDB
  AUTO_INCREMENT = 531
  DEFAULT CHARSET = utf8mb4
  COLLATE = utf8mb4_0900_ai_ci COMMENT ='运维平台用户登录退出记录';
/*!40101 SET character_set_client = @saved_cs_client */;

--
-- Dumping data for table `frame_system_user_log`
--

LOCK TABLES `frame_system_user_log` WRITE;
/*!40000 ALTER TABLE `frame_system_user_log`
    DISABLE KEYS */;
INSERT INTO `frame_system_user_log` (`id`, `user_id`, `login_dt`, `logout_dt`, `login_ip`)
VALUES (1, 1, '2018-12-27 17:37:37', NULL, ''),
       (2, 1, '2018-12-27 17:58:37', NULL, ''),
       (3, 1, NULL, '2018-12-27 17:58:40', ''),
       (4, 1, '2018-12-27 18:08:32', NULL, ''),
       (5, 1, '2018-12-27 18:09:21', '2018-12-27 18:09:23', ''),
       (6, 1, '2018-12-27 18:09:35', '2018-12-27 18:09:38', ''),
       (7, 1, '2018-12-27 18:25:49', '2018-12-27 18:25:52', ''),
       (8, 1, '2018-12-27 18:26:04', '2018-12-27 18:26:25', ''),
       (9, 1, '2018-12-27 18:28:19', NULL, ''),
       (10, 1, '2018-12-27 18:30:11', '2018-12-27 18:34:11', ''),
       (11, 1, '2018-12-27 18:34:14', '2018-12-27 18:35:46', ''),
       (12, 1, '2018-12-27 18:35:48', NULL, ''),
       (13, 1, '2018-12-27 18:39:49', '2018-12-27 18:41:34', ''),
       (14, 1, '2018-12-27 18:41:40', NULL, ''),
       (15, 1, '2018-12-27 18:45:29', NULL, ''),
       (16, 1, '2018-12-27 18:47:28', '2018-12-27 19:02:42', ''),
       (17, 1, '2018-12-27 19:02:52', '2018-12-27 19:12:35', ''),
       (18, 1, '2018-12-27 19:12:38', '2018-12-27 19:28:51', ''),
       (19, 1, '2018-12-27 19:28:55', '2018-12-27 19:29:00', ''),
       (20, 1, '2018-12-27 19:29:02', '2018-12-27 21:12:25', ''),
       (21, 1, '2018-12-27 20:54:56', NULL, ''),
       (22, 1, '2018-12-27 21:12:31', '2018-12-27 21:16:24', ''),
       (23, 1, '2018-12-27 21:16:26', NULL, ''),
       (24, 1, '2018-12-27 21:31:27', '2018-12-27 21:36:15', ''),
       (25, 1, '2018-12-28 10:45:27', '2018-12-28 11:50:30', ''),
       (26, 1, '2018-12-28 11:51:35', '2018-12-28 11:52:15', ''),
       (27, 1, '2018-12-28 11:52:21', '2018-12-28 15:30:22', ''),
       (28, 1, '2018-12-28 15:30:30', '2018-12-28 15:30:57', ''),
       (29, 1, '2018-12-28 15:31:03', '2018-12-28 16:43:14', ''),
       (30, 1, '2018-12-28 16:43:21', '2018-12-28 17:06:14', ''),
       (31, 1, '2018-12-28 17:06:24', '2018-12-28 17:41:50', ''),
       (32, 1, '2018-12-28 17:41:58', '2018-12-28 18:19:23', ''),
       (33, 1, '2018-12-28 18:19:34', '2018-12-28 19:02:13', ''),
       (34, 1, '2018-12-28 19:02:21', NULL, ''),
       (35, 1, '2018-12-29 10:18:56', NULL, ''),
       (36, 1, '2019-01-04 00:30:35', NULL, ''),
       (37, 1, '2019-01-10 18:05:48', NULL, ''),
       (38, 1, '2019-01-10 18:05:49', NULL, ''),
       (39, 1, '2019-01-10 18:05:56', NULL, ''),
       (40, 1, '2019-01-10 18:06:01', NULL, ''),
       (41, 1, '2019-01-10 18:06:10', NULL, ''),
       (42, 1, '2019-01-10 18:07:14', '2019-01-10 18:41:07', ''),
       (43, 1, '2019-01-10 18:41:17', '2019-01-10 20:07:41', ''),
       (44, 1, '2019-01-10 20:07:49', '2019-01-10 20:54:30', ''),
       (45, 1, '2019-01-10 20:54:46', '2019-01-10 20:55:56', ''),
       (46, 1, '2019-01-10 20:56:03', '2019-01-10 20:59:52', ''),
       (47, 1, '2019-01-10 20:59:58', '2019-01-10 21:00:57', ''),
       (48, 1, '2019-01-10 21:01:01', NULL, ''),
       (49, 1, '2019-01-11 10:52:15', '2019-01-11 11:03:02', ''),
       (50, 1, '2019-01-11 11:03:09', NULL, ''),
       (51, 1, '2019-01-11 20:09:59', '2019-01-11 20:13:55', ''),
       (52, 1, '2019-01-11 20:14:03', '2019-01-11 20:17:01', ''),
       (53, 1, '2019-01-11 20:17:10', '2019-01-11 20:19:03', ''),
       (54, 1, '2019-01-11 20:19:09', '2019-01-11 20:20:50', ''),
       (55, 1, '2019-01-11 20:20:54', '2019-01-11 20:22:22', ''),
       (56, 1, '2019-01-11 20:22:27', '2019-01-11 20:28:07', ''),
       (57, 1, '2019-01-11 20:28:14', '2019-01-11 21:05:29', ''),
       (58, 1, '2019-01-11 21:05:34', NULL, ''),
       (59, 1, '2019-01-11 21:16:20', '2019-01-11 21:19:21', ''),
       (60, 14, '2019-01-11 21:19:27', NULL, ''),
       (61, 1, '2019-01-11 21:21:52', '2019-01-11 21:22:45', ''),
       (62, 1, '2019-01-11 21:22:50', '2019-01-11 21:22:57', ''),
       (63, 1, '2019-01-11 21:23:02', '2019-01-11 21:24:50', ''),
       (64, 1, '2019-01-11 21:24:55', '2019-01-11 21:25:38', ''),
       (65, 1, '2019-01-11 21:25:43', '2019-01-11 21:29:27', ''),
       (66, 1, '2019-01-11 21:29:31', '2019-01-11 21:30:48', ''),
       (67, 1, '2019-01-11 21:30:53', '2019-01-11 21:31:45', ''),
       (68, 1, '2019-01-11 21:31:49', '2019-01-11 21:32:16', ''),
       (69, 1, '2019-01-11 21:32:20', '2019-01-11 21:34:07', ''),
       (70, 1, '2019-01-11 21:34:12', '2019-01-11 21:35:43', ''),
       (71, 1, '2019-01-11 21:35:48', '2019-01-11 21:36:08', ''),
       (72, 1, '2019-01-11 21:36:12', '2019-01-11 21:41:18', ''),
       (73, 1, '2019-01-11 21:41:22', '2019-01-11 21:42:36', ''),
       (74, 1, '2019-01-11 21:42:40', '2019-01-11 21:43:43', ''),
       (75, 1, '2019-01-11 21:43:47', '2019-01-11 21:44:51', ''),
       (76, 1, '2019-01-11 21:44:56', '2019-01-11 21:48:09', ''),
       (77, 1, '2019-01-11 21:48:14', '2019-01-11 22:07:01', ''),
       (78, 1, '2019-01-11 22:07:05', NULL, ''),
       (79, 1, '2019-01-13 23:02:59', '2019-01-13 23:37:10', ''),
       (80, 1, '2019-01-14 09:36:29', '2019-01-14 14:08:26', ''),
       (81, 1, '2019-01-14 14:08:39', '2019-01-14 19:44:30', ''),
       (82, 1, '2019-01-14 19:44:57', '2019-01-14 19:59:21', ''),
       (83, 1, '2019-01-14 19:59:28', '2019-01-14 20:05:20', ''),
       (84, 1, '2019-01-14 20:05:28', '2019-01-14 20:09:20', ''),
       (85, 1, '2019-01-14 20:09:24', '2019-01-14 20:11:35', ''),
       (86, 1, '2019-01-14 20:11:40', '2019-01-14 20:15:52', ''),
       (87, 1, '2019-01-14 20:16:02', '2019-01-14 20:17:32', ''),
       (88, 1, '2019-01-14 20:17:37', '2019-01-14 20:18:53', ''),
       (89, 1, '2019-01-14 20:18:57', '2019-01-14 20:22:43', ''),
       (90, 1, '2019-01-14 20:22:47', '2019-01-14 20:24:31', ''),
       (91, 1, '2019-01-14 20:24:35', '2019-01-14 20:25:07', ''),
       (92, 1, '2019-01-14 20:25:13', '2019-01-14 20:26:33', ''),
       (93, 1, '2019-01-14 20:26:38', '2019-01-14 20:27:39', ''),
       (94, 1, '2019-01-14 20:27:44', '2019-01-14 20:39:20', ''),
       (95, 1, '2019-01-14 20:39:24', '2019-01-14 20:40:03', ''),
       (96, 1, '2019-01-14 20:40:08', '2019-01-14 20:41:50', ''),
       (97, 1, '2019-01-14 20:41:55', '2019-01-14 20:43:12', ''),
       (98, 1, '2019-01-14 20:43:16', '2019-01-14 20:48:17', ''),
       (99, 1, '2019-01-14 20:48:22', '2019-01-14 20:48:44', ''),
       (100, 1, '2019-01-14 20:48:48', '2019-01-14 21:01:02', ''),
       (101, 1, '2019-01-14 21:01:07', NULL, ''),
       (102, 1, '2019-01-15 11:50:36', '2019-01-15 14:32:21', ''),
       (103, 18, '2019-01-15 14:32:26', '2019-01-15 15:59:29', ''),
       (104, 1, '2019-01-15 15:59:33', '2019-01-15 19:30:57', '2886795265'),
       (105, 14, '2019-01-15 19:31:04', NULL, '2886795265'),
       (106, 1, '2019-01-16 09:36:52', NULL, '2886795265'),
       (107, 1, '2019-01-20 21:20:21', NULL, '2886795265'),
       (108, 1, '2019-01-21 11:22:20', NULL, '2130706433'),
       (109, 1, '2019-01-21 19:30:00', NULL, '2130706433'),
       (110, 1, '2019-01-23 21:09:28', NULL, '2130706433'),
       (111, 1, '2019-01-24 15:09:22', '2019-01-24 15:09:25', '2130706433'),
       (112, 1, '2019-01-24 15:09:31', '2019-01-24 16:20:28', '2130706433'),
       (113, 1, '2019-01-24 16:20:34', '2019-01-24 16:44:23', '2130706433'),
       (114, 8, '2019-01-24 16:44:32', '2019-01-24 16:48:09', '2130706433'),
       (115, 1, '2019-01-24 16:48:13', NULL, '2130706433'),
       (116, 1, '2019-01-24 16:51:00', NULL, '2130706433'),
       (117, 1, '2019-01-24 16:58:06', '2019-01-24 17:02:51', '2130706433'),
       (118, 8, '2019-01-24 17:02:55', '2019-01-24 18:23:59', '2130706433'),
       (119, 1, '2019-01-24 17:22:15', '2019-01-24 17:22:31', '2130706433'),
       (120, 1, '2019-01-24 17:22:35', '2019-01-24 17:22:52', '2130706433'),
       (121, 1, '2019-01-24 17:22:54', NULL, '2130706433'),
       (122, 1, '2019-01-24 18:24:11', NULL, '2130706433'),
       (123, 1, '2019-01-25 11:03:11', NULL, '2130706433'),
       (124, 1, '2019-01-25 11:03:17', NULL, '2130706433'),
       (125, 1, '2019-01-25 11:10:39', '2019-01-25 13:43:07', '2130706433'),
       (126, 1, '2019-01-25 13:43:19', '2019-01-25 13:47:51', '2130706433'),
       (127, 1, '2019-01-25 13:47:57', '2019-01-25 13:50:18', '2130706433'),
       (128, 1, '2019-01-25 13:50:22', '2019-01-25 13:58:35', '2130706433'),
       (129, 1, '2019-01-25 13:59:36', '2019-01-25 14:03:51', '2130706433'),
       (130, 1, '2019-01-25 14:03:58', NULL, '2130706433'),
       (131, 1, '2019-01-25 14:13:55', '2019-01-25 14:14:12', '2130706433'),
       (132, 1, '2019-01-25 14:22:24', '2019-01-25 14:54:36', '2130706433'),
       (133, 1, '2019-01-25 14:54:41', '2019-01-25 20:12:41', '2130706433'),
       (134, 1, '2019-01-25 20:13:19', '2019-01-25 20:13:23', '2130706433'),
       (135, 1, '2019-01-25 21:01:56', NULL, '2130706433'),
       (136, 1, '2019-01-26 08:29:21', '2019-01-26 08:30:10', '2130706433'),
       (137, 1, '2019-01-26 08:30:14', '2019-01-26 08:32:16', '2130706433'),
       (138, 1, '2019-01-26 08:32:21', '2019-01-26 08:32:31', '2130706433'),
       (139, 1, '2019-01-26 09:01:24', NULL, '2130706433'),
       (140, 1, '2019-01-26 23:51:01', '2019-01-26 23:52:01', '2130706433'),
       (141, 1, '2019-01-26 23:52:05', NULL, '2130706433'),
       (142, 1, '2019-01-27 20:04:23', NULL, '2130706433'),
       (143, 1, '2019-01-30 09:19:28', '2019-01-30 09:22:06', '2886795265'),
       (144, 1, '2019-01-30 09:22:09', '2019-01-30 09:27:46', '2886795265'),
       (145, 1, '2019-01-30 09:32:10', '2019-01-30 10:15:13', '2886795265'),
       (146, 1, '2019-01-30 09:35:19', NULL, '2886795265'),
       (147, 1, '2019-01-30 10:20:19', '2019-01-30 10:20:23', '2886795265'),
       (148, 1, '2019-01-30 14:56:56', NULL, '2886795265'),
       (149, 1, '2019-01-30 14:57:43', NULL, '2886795265'),
       (150, 1, '2019-01-30 15:00:12', NULL, '2886795265'),
       (151, 1, '2019-01-30 15:05:02', NULL, '2886795265'),
       (152, 1, '2019-01-30 15:06:13', '2019-01-30 15:06:17', '2886795265'),
       (153, 1, '2019-01-30 15:06:52', '2019-01-30 15:10:44', '2886795265'),
       (154, 1, '2019-01-30 15:10:48', '2019-01-30 15:12:17', '2886795265'),
       (155, 1, '2019-01-30 15:12:20', '2019-01-30 15:16:15', '2886795265'),
       (156, 1, '2019-01-30 15:17:21', NULL, '2886795265'),
       (157, 1, '2019-01-30 15:23:10', NULL, '2886795265'),
       (158, 1, '2019-01-30 15:23:23', NULL, '2886795265'),
       (159, 1, '2019-01-30 15:23:48', NULL, '2886795265'),
       (160, 1, '2019-01-30 15:24:03', NULL, '2886795265'),
       (161, 1, '2019-01-30 15:30:46', NULL, '2886795265'),
       (162, 1, '2019-01-30 15:33:24', NULL, '2886795265'),
       (163, 1, '2019-01-30 15:34:21', NULL, '2886795265'),
       (164, 1, '2019-01-30 15:35:07', NULL, '2886795265'),
       (165, 1, '2019-01-30 15:37:03', NULL, '2886795265'),
       (166, 1, '2019-01-30 15:37:24', NULL, '2886795265'),
       (167, 1, '2019-01-30 15:40:50', NULL, '2886795265'),
       (168, 1, '2019-01-30 15:42:24', NULL, '2886795265'),
       (169, 1, '2019-01-30 15:46:38', NULL, '2886795265'),
       (170, 1, '2019-01-30 15:47:34', NULL, '2886795265'),
       (171, 1, '2019-01-30 15:52:34', NULL, '2886795265'),
       (172, 1, '2019-01-30 15:52:54', NULL, '2886795265'),
       (173, 1, '2019-01-30 15:53:19', NULL, '2886795265'),
       (174, 1, '2019-01-30 15:56:47', NULL, '2886795265'),
       (175, 1, '2019-01-30 16:05:25', NULL, '2886795265'),
       (176, 1, '2019-01-30 16:08:19', NULL, '2886795265'),
       (177, 1, '2019-01-30 16:11:06', NULL, '2886795265'),
       (178, 1, '2019-01-30 16:11:26', NULL, '2886795265'),
       (179, 1, '2019-01-30 16:16:31', '2019-01-30 16:23:35', '2886795265'),
       (180, 1, '2019-01-30 16:23:49', NULL, '2886795265'),
       (181, 1, '2019-01-30 16:23:51', NULL, '2886795265'),
       (182, 1, '2019-01-30 16:24:23', '2019-01-30 16:24:25', '2886795265'),
       (183, 1, '2019-01-30 16:26:55', '2019-01-30 16:26:58', '2886795265'),
       (184, 1, '2019-01-30 17:09:12', '2019-01-30 17:09:14', '2886795265'),
       (185, 1, '2019-01-30 17:37:43', NULL, '2886795265'),
       (186, 1, '2019-01-30 19:54:06', '2019-01-30 21:01:13', '2886795265'),
       (187, 1, '2019-01-30 20:29:14', NULL, '2886795265'),
       (188, 1, '2019-01-30 21:01:21', NULL, '2886795265'),
       (189, 1, '2019-01-31 09:08:30', NULL, '2886795265'),
       (190, 1, '2019-02-01 11:31:29', '2019-02-01 11:31:32', '2886795265'),
       (191, 1, '2019-02-01 11:34:59', '2019-02-01 11:35:02', '2886795265'),
       (192, 1, '2019-02-01 11:36:50', '2019-02-01 17:26:47', '2886795265'),
       (193, 1, '2019-02-01 17:27:36', '2019-02-01 17:27:39', '2886795265'),
       (194, 1, '2019-02-01 17:27:44', '2019-02-01 17:27:46', '2886795265'),
       (195, 1, '2019-02-01 17:27:50', '2019-02-01 17:27:53', '2886795265'),
       (196, 1, '2019-02-01 17:28:01', NULL, '2886795265'),
       (197, 1, '2019-02-02 09:25:52', '2019-02-02 09:27:18', '2886795265'),
       (198, 1, '2019-02-02 09:29:37', '2019-02-02 09:36:58', '2886795265'),
       (199, 1, '2019-02-02 09:37:05', '2019-02-02 09:53:36', '2886795265'),
       (200, 1, '2019-02-02 13:27:31', NULL, '2886795265'),
       (201, 1, '2019-02-03 10:28:16', NULL, '2886795265'),
       (202, 1, '2019-02-03 10:39:44', NULL, '2886795265'),
       (203, 1, '2019-02-03 10:40:25', NULL, '2886795265'),
       (204, 1, '2019-02-03 10:40:44', NULL, '2886795265'),
       (205, 1, '2019-02-03 10:41:15', NULL, '2886795265'),
       (206, 1, '2019-02-03 10:52:49', NULL, '2886795265'),
       (207, 14, '2019-02-03 10:56:08', '2019-02-03 10:56:11', '2886795265'),
       (208, 14, '2019-02-03 10:56:20', NULL, '2886795265'),
       (209, 1, '2019-02-03 13:21:37', NULL, '2886795265'),
       (210, 1, '2019-02-03 13:22:09', NULL, '2886795265'),
       (211, 1, '2019-02-03 13:22:26', NULL, '2886795265'),
       (212, 1, '2019-02-03 13:25:15', NULL, '2886795265'),
       (213, 1, '2019-02-03 13:25:32', NULL, '2886795265'),
       (214, 1, '2019-02-03 13:27:01', NULL, '2886795265'),
       (215, 1, '2019-02-03 13:28:52', NULL, '2886795265'),
       (216, 1, '2019-02-03 13:29:18', NULL, '2886795265'),
       (217, 1, '2019-02-03 13:33:08', NULL, '2886795265'),
       (218, 1, '2019-02-03 13:35:26', NULL, '2886795265'),
       (219, 1, '2019-02-03 13:35:42', NULL, '2886795265'),
       (220, 1, '2019-02-03 13:36:40', NULL, '2886795265'),
       (221, 1, '2019-02-09 00:23:12', NULL, '2886795265'),
       (222, 1, '2019-02-11 10:08:24', NULL, '2886795265'),
       (223, 1, '2019-02-11 10:08:24', NULL, '2886795265'),
       (224, 1, '2019-02-11 10:08:43', NULL, '2886795265'),
       (225, 1, '2019-02-11 10:09:03', NULL, '2886795265'),
       (226, 1, '2019-02-11 10:10:41', NULL, '2886795265'),
       (227, 1, '2019-02-11 10:13:37', NULL, '2886795265'),
       (228, 1, '2019-02-11 10:14:00', NULL, '2886795265'),
       (229, 1, '2019-02-11 10:15:43', NULL, '2886795265'),
       (230, 1, '2019-02-11 10:18:57', NULL, '2886795265'),
       (231, 1, '2019-02-11 10:25:44', NULL, '2886795265'),
       (232, 1, '2019-02-11 10:28:53', NULL, '2886795265'),
       (233, 1, '2019-02-11 10:32:28', NULL, '2886795265'),
       (234, 1, '2019-02-11 10:35:46', NULL, '2886795265'),
       (235, 1, '2019-02-11 10:37:14', NULL, '2886795265'),
       (236, 1, '2019-02-11 10:38:52', NULL, '2886795265'),
       (237, 1, '2019-02-11 10:40:11', NULL, '2886795265'),
       (238, 1, '2019-02-11 10:45:20', NULL, '2886795265'),
       (239, 1, '2019-02-11 10:47:10', NULL, '2886795265'),
       (240, 1, '2019-02-11 10:48:38', NULL, '2886795265'),
       (241, 1, '2019-02-11 10:55:59', NULL, '2886795265'),
       (242, 1, '2019-02-11 10:57:35', NULL, '2886795265'),
       (243, 1, '2019-02-11 10:59:40', NULL, '2886795265'),
       (244, 1, '2019-02-11 11:00:16', NULL, '2886795265'),
       (245, 1, '2019-02-11 11:01:10', NULL, '2886795265'),
       (246, 1, '2019-02-11 11:03:50', NULL, '2886795265'),
       (247, 1, '2019-02-11 11:05:05', NULL, '2886795265'),
       (248, 1, '2019-02-11 11:06:32', NULL, '2886795265'),
       (249, 1, '2019-02-11 11:08:52', NULL, '2886795265'),
       (250, 1, '2019-02-11 11:12:04', NULL, '2886795265'),
       (251, 1, '2019-02-11 11:12:23', NULL, '2886795265'),
       (252, 1, '2019-02-11 11:13:52', NULL, '2886795265'),
       (253, 1, '2019-02-11 11:19:39', NULL, '2886795265'),
       (254, 1, '2019-02-11 11:26:04', NULL, '2886795265'),
       (255, 1, '2019-02-11 11:27:43', '2019-02-11 14:46:31', '2886795265'),
       (256, 1, '2019-02-11 14:46:39', '2019-02-11 14:46:44', '2886795265'),
       (257, 1, '2019-02-11 14:47:10', '2019-02-11 14:47:41', '2886795265'),
       (258, 1, '2019-02-11 14:47:47', NULL, '2886795265'),
       (259, 1, '2019-02-11 14:47:57', '2019-02-11 14:48:04', '2886795265'),
       (260, 1, '2019-02-11 14:55:43', '2019-02-11 14:55:46', '2886795265'),
       (261, 1, '2019-02-11 14:56:18', '2019-02-11 14:56:21', '2886795265'),
       (262, 1, '2019-02-11 15:01:30', NULL, '2886795265'),
       (263, 1, '2019-02-11 15:02:02', '2019-02-11 21:16:48', '2886795265'),
       (264, 1, '2019-02-11 21:16:58', '2019-02-11 21:17:03', '2886795265'),
       (265, 1, '2019-02-12 09:53:40', '2019-02-12 09:54:18', '2886795265'),
       (266, 1, '2019-02-12 09:54:30', NULL, '2886795265'),
       (267, 1, '2019-02-13 20:26:10', '2019-02-13 20:40:39', '2886795265'),
       (268, 1, '2019-02-13 20:41:42', '2019-02-13 20:43:45', '2886795265'),
       (269, 1, '2019-02-13 20:46:01', '2019-02-13 20:52:27', '2886795265'),
       (270, 1, '2019-02-13 20:52:36', '2019-02-13 21:03:13', '2886795265'),
       (271, 1, '2019-02-13 21:03:17', '2019-02-13 21:05:40', '2886795265'),
       (272, 1, '2019-02-14 17:38:47', NULL, '2886795265'),
       (273, 1, '2019-02-14 17:44:38', '2019-02-14 17:44:48', '2886795265'),
       (274, 1, '2019-02-14 17:53:39', '2019-02-14 17:59:14', '2886795265'),
       (275, 1, '2019-02-14 18:13:05', NULL, '2886795265'),
       (276, 1, '2019-02-15 22:02:46', '2019-02-15 22:03:16', '2886795265'),
       (277, 1, '2019-02-18 17:11:00', NULL, '2886795265'),
       (278, 1, '2019-02-19 11:26:29', NULL, '2886795265'),
       (279, 1, '2019-02-19 14:00:44', NULL, '2886795265'),
       (280, 1, '2019-02-21 19:10:10', '2019-02-21 19:10:18', '2886795265'),
       (281, 1, '2019-02-21 20:18:26', NULL, '2886795265'),
       (282, 1, '2019-04-09 11:13:42', NULL, '2886795265'),
       (283, 1, '2019-05-04 15:51:27', NULL, '2886795265'),
       (284, 1, '2019-05-05 21:21:28', NULL, '2886795265'),
       (285, 1, '2019-05-19 17:15:03', NULL, '2886795265'),
       (286, 1, '2019-05-19 17:17:54', NULL, '2886795265'),
       (287, 1, '2019-05-19 22:05:01', NULL, '2886795265'),
       (288, 1, '2019-05-21 18:15:32', NULL, '2886795265'),
       (289, 1, '2019-05-22 14:18:42', NULL, '2886795265'),
       (290, 1, '2019-05-24 11:40:48', NULL, '2886795265'),
       (291, 1, '2019-05-27 18:25:33', NULL, '2886795265'),
       (292, 1, '2019-05-28 14:31:19', NULL, '2886795265'),
       (293, 1, '2019-05-28 14:39:31', NULL, '2886795265'),
       (294, 1, '2019-05-28 14:42:53', NULL, '2886795265'),
       (295, 1, '2019-05-28 14:44:48', NULL, '2886795265'),
       (296, 1, '2019-05-28 14:45:59', NULL, '2886795265'),
       (297, 1, '2019-05-28 17:34:21', NULL, '2886795265'),
       (298, 1, '2019-05-28 18:15:54', NULL, '2886795265'),
       (299, 1, '2019-05-30 14:31:09', NULL, '2886795265'),
       (300, 1, '2019-05-31 11:03:27', NULL, '2886795265'),
       (301, 1, '2019-06-05 20:53:33', NULL, '2886795265'),
       (302, 1, '2019-06-05 20:56:51', '2019-06-05 20:58:00', '2886795265'),
       (303, 1, '2019-06-05 20:58:38', NULL, '2886795265'),
       (304, 1, '2019-06-05 22:56:44', '2019-06-05 22:57:20', '2886795265'),
       (305, 1, '2019-06-06 14:11:07', NULL, '2886795265'),
       (306, 1, '2019-06-09 15:22:53', NULL, '2886795265'),
       (307, 1, '2019-06-09 15:23:05', NULL, '2886795265'),
       (308, 1, '2019-06-09 15:25:14', NULL, '2886795265'),
       (309, 1, '2019-06-09 15:26:27', NULL, '2886795265'),
       (310, 1, '2019-06-09 15:28:42', NULL, '2886795265'),
       (311, 1, '2019-06-09 15:29:33', NULL, '2886795265'),
       (312, 1, '2019-06-09 15:29:48', '2019-06-09 15:33:31', '2886795265'),
       (313, 1, '2019-06-09 15:33:40', NULL, '2886795265'),
       (314, 1, '2019-06-09 15:35:31', NULL, '2886795265'),
       (315, 1, '2019-06-09 15:35:57', NULL, '2886795265'),
       (316, 1, '2019-06-09 15:36:18', NULL, '2886795265'),
       (317, 1, '2019-06-09 15:41:46', NULL, '2886795265'),
       (318, 1, '2019-06-09 15:45:49', NULL, '2886795265'),
       (319, 1, '2019-06-09 15:46:35', NULL, '2886795265'),
       (320, 1, '2019-06-09 15:49:54', '2019-06-09 15:55:43', '2886795265'),
       (321, 1, '2019-06-09 16:50:42', '2019-06-09 16:51:02', '2886795265'),
       (322, 1, '2019-06-09 22:19:39', NULL, '2886795265'),
       (323, 1, '2019-06-09 22:23:54', NULL, '2886795265'),
       (324, 1, '2019-06-09 22:24:35', NULL, '2886795265'),
       (325, 1, '2019-06-09 22:24:52', NULL, '2886795265'),
       (326, 1, '2019-06-09 22:26:21', NULL, '2886795265'),
       (327, 1, '2019-06-09 22:27:00', NULL, '2886795265'),
       (328, 1, '2019-06-09 22:28:40', '2019-06-09 22:39:09', '2886795265'),
       (329, 1, '2019-06-10 21:21:11', '2019-06-10 21:26:54', '2886795265'),
       (330, 1, '2019-06-10 21:26:57', '2019-06-10 21:29:51', '2886795265'),
       (331, 1, '2019-06-10 21:29:55', NULL, '2886795265'),
       (332, 1, '2019-06-12 15:39:12', NULL, '2886795265'),
       (333, 1, '2019-06-12 20:43:41', '2019-06-12 22:01:48', '2886795265'),
       (334, 1, '2019-06-12 22:01:53', NULL, '2886795265'),
       (335, 1, '2019-06-12 22:02:10', NULL, '2886795265'),
       (336, 1, '2019-06-12 22:04:14', NULL, '2886795265'),
       (337, 1, '2019-06-12 22:07:07', NULL, '2886795265'),
       (338, 1, '2019-06-12 22:08:44', NULL, '2886795265'),
       (339, 1, '2019-06-12 22:09:45', NULL, '2886795265'),
       (340, 1, '2019-06-16 10:30:00', '2019-06-16 13:20:30', '2886795265'),
       (341, 1, '2019-06-16 13:20:34', '2019-06-16 19:17:38', '2886795265'),
       (342, 1, '2019-06-16 19:17:41', '2019-06-16 20:27:49', '2886795265'),
       (343, 1, '2019-06-16 20:27:53', NULL, '2886795265'),
       (344, 1, '2019-06-16 20:29:13', '2019-06-16 20:31:47', '2886795265'),
       (345, 1, '2019-06-16 20:31:51', '2019-06-16 20:32:54', '2886795265'),
       (346, 1, '2019-06-16 20:32:58', NULL, '2886795265'),
       (347, 1, '2019-06-18 21:24:46', NULL, '2886795265'),
       (348, 1, '2019-06-18 21:36:23', NULL, '2886795265'),
       (349, 1, '2019-06-18 22:07:46', NULL, '2886795265'),
       (350, 1, '2019-06-20 14:01:32', NULL, '2886795265'),
       (351, 1, '2019-06-20 14:11:23', NULL, '2886795265'),
       (352, 1, '2019-06-20 14:13:45', NULL, '2886795265'),
       (353, 1, '2019-06-20 14:13:55', NULL, '2886795265'),
       (354, 1, '2019-06-20 14:14:04', NULL, '2886795265'),
       (355, 1, '2019-06-20 14:47:26', NULL, '2886795265'),
       (356, 1, '2019-06-20 14:52:51', '2019-06-20 14:53:03', '2886795265'),
       (357, 1, '2019-06-20 14:54:22', '2019-06-20 14:54:34', '2886795265'),
       (358, 1, '2019-06-20 14:57:54', '2019-06-20 14:58:40', '2886795265'),
       (359, 1, '2019-06-20 15:02:55', NULL, '2886795265'),
       (360, 1, '2019-06-20 15:21:14', '2019-06-20 15:21:17', '2886795265'),
       (361, 1, '2019-06-20 23:37:46', NULL, '2886795265'),
       (362, 1, '2019-06-20 23:37:58', NULL, '2886795265'),
       (363, 1, '2019-06-21 00:04:58', NULL, '2886795265'),
       (364, 1, '2019-06-21 00:05:04', NULL, '2886795265'),
       (365, 1, '2019-06-21 00:05:06', NULL, '2886795265'),
       (366, 1, '2019-06-21 00:05:39', NULL, '2886795265'),
       (367, 1, '2019-06-21 00:07:57', NULL, '2886795265'),
       (368, 1, '2019-06-21 00:10:35', '2019-06-21 00:10:55', '2886795265'),
       (369, 1, '2019-06-22 21:48:55', NULL, '2886795265'),
       (370, 1, '2019-06-22 21:49:16', NULL, '2886795265'),
       (371, 1, '2019-07-05 18:00:14', NULL, '2886795265'),
       (372, 1, '2019-07-08 22:35:25', '2019-07-08 22:35:55', '2886795265'),
       (373, 1, '2019-07-09 22:14:54', NULL, '2886795265'),
       (374, 1, '2019-07-11 14:26:50', '2019-07-11 14:27:10', '2886795265'),
       (375, 1, '2019-07-17 09:45:12', NULL, '2886795265'),
       (376, 1, '2019-07-17 09:47:22', NULL, '2886795265'),
       (377, 1, '2019-07-17 09:51:42', NULL, '2886795265'),
       (378, 1, '2019-07-17 11:19:34', NULL, '2886795265'),
       (379, 1, '2019-07-17 11:24:43', NULL, '2886795265'),
       (380, 1, '2019-07-17 11:40:46', NULL, '2886795265'),
       (381, 1, '2019-07-17 13:13:15', NULL, '2886795265'),
       (382, 1, '2019-07-17 13:15:25', NULL, '2886795265'),
       (383, 1, '2019-07-17 13:22:26', '2019-07-17 13:24:32', '2886795265'),
       (384, 1, '2019-07-17 13:24:36', NULL, '2886795265'),
       (385, 1, '2019-07-22 14:31:20', NULL, '2886795265'),
       (386, 1, '2019-07-25 16:30:30', NULL, '2886795265'),
       (387, 1, '2019-07-27 17:50:14', NULL, '2886795265'),
       (388, 1, '2019-07-27 17:50:54', NULL, '2886795265'),
       (389, 1, '2019-07-27 17:51:31', NULL, '2886795265'),
       (390, 1, '2019-07-27 18:06:29', '2019-07-27 18:06:32', '2886795265'),
       (391, 1, '2019-07-27 18:50:50', '2019-07-27 18:52:35', '2886795265'),
       (392, 1, '2019-07-27 18:52:38', NULL, '2886795265'),
       (393, 1, '2019-07-29 21:39:56', '2019-07-29 21:40:23', '2886795265'),
       (394, 1, '2019-07-29 21:41:57', '2019-07-29 21:49:10', '2886795265'),
       (395, 1, '2019-07-29 21:49:17', '2019-07-29 21:50:44', '2886795265'),
       (396, 1, '2019-07-29 21:50:52', '2019-07-29 21:52:26', '2886795265'),
       (397, 1, '2019-07-29 21:52:30', NULL, '2886795265'),
       (398, 1, '2019-07-29 22:16:12', NULL, '2886795265'),
       (399, 1, '2019-07-29 22:18:08', NULL, '2886795265'),
       (400, 1, '2019-07-29 22:25:02', NULL, '2886795265'),
       (401, 1, '2019-08-02 18:23:48', NULL, '2886795265'),
       (402, 1, '2019-08-02 18:24:09', NULL, '2886795265'),
       (403, 1, '2019-08-05 11:46:01', '2019-08-05 11:48:33', '2886795265'),
       (404, 1, '2019-08-05 11:48:35', '2019-08-05 11:48:42', '2886795265'),
       (405, 1, '2019-08-05 11:48:44', NULL, '2886795265'),
       (406, 1, '2019-08-10 14:29:39', NULL, '2886795265'),
       (407, 1, '2019-08-10 14:45:40', '2019-08-10 14:45:55', '2886795265'),
       (408, 1, '2019-08-14 18:15:53', '2019-08-14 18:16:05', '2886795265'),
       (409, 1, '2019-08-14 18:16:10', '2019-08-14 18:16:24', '2886795265'),
       (410, 1, '2019-08-14 18:16:28', '2019-08-14 18:16:32', '2886795265'),
       (411, 1, '2019-08-17 09:31:52', NULL, '2886795265'),
       (412, 1, '2019-08-17 13:54:30', NULL, '2886795265'),
       (413, 1, '2019-08-17 13:56:26', NULL, '2886795265'),
       (414, 1, '2019-08-17 14:01:02', NULL, '2886795265'),
       (415, 1, '2019-08-17 14:01:29', NULL, '2886795265'),
       (416, 1, '2019-08-17 14:03:27', NULL, '2886795265'),
       (417, 1, '2019-08-17 14:05:06', NULL, '2886795265'),
       (418, 1, '2019-08-17 14:06:55', NULL, '2886795265'),
       (419, 1, '2019-08-17 14:09:21', NULL, '2886795265'),
       (420, 1, '2019-08-17 20:13:09', NULL, '2886795265'),
       (421, 1, '2019-08-17 20:50:52', NULL, '2886795265'),
       (422, 1, '2019-08-17 21:23:30', '2019-08-17 21:34:42', '2886795265'),
       (423, 1, '2019-08-17 21:34:51', NULL, '2886795265'),
       (424, 1, '2019-08-17 21:36:26', NULL, '2886795265'),
       (425, 1, '2019-08-17 21:41:31', NULL, '2886795265'),
       (426, 1, '2019-08-17 21:43:18', NULL, '2886795265'),
       (427, 1, '2019-08-17 21:46:21', NULL, '2886795265'),
       (428, 1, '2019-08-17 21:49:03', NULL, '2886795265'),
       (429, 1, '2019-08-17 21:49:14', NULL, '2886795265'),
       (430, 1, '2019-08-17 21:52:40', NULL, '2886795265'),
       (431, 1, '2019-08-17 21:53:13', NULL, '2886795265'),
       (432, 1, '2019-08-17 21:59:35', NULL, '2886795265'),
       (433, 1, '2019-08-17 22:11:25', NULL, '2886795265'),
       (434, 1, '2019-08-17 22:13:15', NULL, '2886795265'),
       (435, 1, '2019-08-17 22:16:04', NULL, '2886795265'),
       (436, 1, '2019-08-17 22:16:34', NULL, '2886795265'),
       (437, 1, '2019-08-17 22:17:31', NULL, '2886795265'),
       (438, 1, '2019-08-17 22:17:58', NULL, '2886795265'),
       (439, 1, '2019-08-17 22:18:51', NULL, '2886795265'),
       (440, 1, '2019-08-17 22:19:31', NULL, '2886795265'),
       (441, 1, '2019-08-17 22:33:53', NULL, '2886795265'),
       (442, 1, '2019-08-17 22:36:13', NULL, '2886795265'),
       (443, 1, '2019-08-17 22:37:05', NULL, '2886795265'),
       (444, 1, '2019-08-17 22:38:08', NULL, '2886795265'),
       (445, 1, '2019-08-17 22:38:39', NULL, '2886795265'),
       (446, 1, '2019-08-17 22:40:14', NULL, '2886795265'),
       (447, 1, '2019-08-17 22:40:40', NULL, '2886795265'),
       (448, 1, '2019-08-17 22:41:16', NULL, '2886795265'),
       (449, 1, '2019-08-17 22:41:59', NULL, '2886795265'),
       (450, 1, '2019-08-17 22:42:09', NULL, '2886795265'),
       (451, 1, '2019-08-17 22:46:34', NULL, '2886795265'),
       (452, 1, '2019-08-17 22:46:46', NULL, '2886795265'),
       (453, 1, '2019-08-17 22:47:03', NULL, '2886795265'),
       (454, 1, '2019-08-17 22:47:33', NULL, '2886795265'),
       (455, 1, '2019-08-17 22:47:50', NULL, '2886795265'),
       (456, 1, '2019-08-17 22:48:20', NULL, '2886795265'),
       (457, 1, '2019-08-17 22:48:48', NULL, '2886795265'),
       (458, 1, '2019-08-17 22:49:18', NULL, '2886795265'),
       (459, 1, '2019-08-17 22:50:07', NULL, '2886795265'),
       (460, 1, '2019-08-17 22:51:51', NULL, '2886795265'),
       (461, 1, '2019-08-17 22:52:15', NULL, '2886795265'),
       (462, 1, '2019-08-17 22:53:04', NULL, '2886795265'),
       (463, 1, '2019-08-17 22:57:07', NULL, '2886795265'),
       (464, 1, '2019-08-17 22:58:19', NULL, '2886795265'),
       (465, 1, '2019-08-17 23:01:47', NULL, '2886795265'),
       (466, 1, '2019-08-17 23:07:55', NULL, '2886795265'),
       (467, 1, '2019-08-17 23:08:12', NULL, '2886795265'),
       (468, 1, '2019-08-17 23:18:43', NULL, '2886795265'),
       (469, 1, '2019-08-17 23:19:09', '2019-08-17 23:21:11', '2886795265'),
       (470, 1, '2019-08-17 23:21:16', NULL, '2886795265'),
       (471, 1, '2019-08-17 23:21:56', NULL, '2886795265'),
       (472, 1, '2019-08-17 23:22:55', NULL, '2886795265'),
       (473, 1, '2019-08-17 23:25:43', NULL, '2886795265'),
       (474, 1, '2019-08-17 23:26:57', NULL, '2886795265'),
       (475, 1, '2019-08-17 23:30:31', NULL, '2886795265'),
       (476, 1, '2019-08-17 23:30:52', NULL, '2886795265'),
       (477, 1, '2019-08-17 23:32:03', NULL, '2886795265'),
       (478, 1, '2019-08-17 23:32:27', NULL, '2886795265'),
       (479, 1, '2019-08-17 23:32:48', NULL, '2886795265'),
       (480, 1, '2019-08-17 23:33:16', NULL, '2886795265'),
       (481, 1, '2019-08-17 23:35:49', NULL, '2886795265'),
       (482, 1, '2019-08-17 23:37:21', NULL, '2886795265'),
       (483, 1, '2019-08-17 23:37:44', NULL, '2886795265'),
       (484, 1, '2019-08-17 23:38:17', NULL, '2886795265'),
       (485, 1, '2019-08-17 23:38:50', NULL, '2886795265'),
       (486, 1, '2019-08-17 23:43:17', NULL, '2886795265'),
       (487, 1, '2019-08-17 23:53:47', NULL, '2886795265'),
       (488, 1, '2019-08-17 23:57:11', NULL, '2886795265'),
       (489, 1, '2019-08-18 00:00:07', NULL, '2886795265'),
       (490, 1, '2019-08-18 00:00:50', NULL, '2886795265'),
       (491, 1, '2019-08-18 00:04:19', '2019-08-18 00:04:55', '2886795265'),
       (492, 1, '2019-08-18 12:52:48', NULL, '2886795265'),
       (493, 1, '2019-08-18 13:54:47', NULL, '2886795265'),
       (494, 1, '2019-08-18 14:00:20', NULL, '2886795265'),
       (495, 1, '2019-08-18 14:01:21', NULL, '2886795265'),
       (496, 1, '2019-08-18 20:43:53', NULL, '2886795265'),
       (497, 1, '2019-10-06 21:51:30', NULL, '2130706433'),
       (498, 1, '2019-10-07 18:45:47', '2019-10-07 18:46:14', '2130706433'),
       (499, 1, '2019-10-27 05:31:47', NULL, '2130706433'),
       (500, 1, '2019-10-27 05:33:19', NULL, '2130706433'),
       (501, 1, '2019-10-27 05:57:44', NULL, '2130706433'),
       (502, 1, '2019-10-27 11:52:14', '2019-10-27 11:53:42', '2130706433'),
       (503, 1, '2019-11-10 00:36:25', '2019-11-10 00:38:10', '2130706433'),
       (504, 1, '2019-11-10 18:36:05', NULL, '2130706433'),
       (505, 1, '2019-11-10 19:27:51', '2019-11-10 21:00:55', '2130706433'),
       (506, 1, '2019-11-10 21:02:25', NULL, '2130706433'),
       (507, 1, '2019-12-03 18:24:09', NULL, '2130706433'),
       (508, 1, '2019-12-03 19:24:55', NULL, '2130706433'),
       (509, 1, '2019-12-07 22:40:46', NULL, '2886795265'),
       (510, 1, '2019-12-07 22:51:32', '2019-12-07 22:51:47', '2886795265'),
       (511, 1, '2019-12-07 22:51:51', '2019-12-07 22:52:00', '2886795265'),
       (512, 1, '2019-12-07 22:52:03', NULL, '2886795265'),
       (513, 1, '2019-12-07 22:56:00', '2019-12-07 22:59:51', '2886795265'),
       (514, 1, '2019-12-07 23:11:42', NULL, '2886795265'),
       (515, 1, '2019-12-22 17:10:10', '2019-12-22 17:10:37', '2886795265'),
       (516, 1, '2020-02-06 21:01:42', NULL, '2886795265'),
       (517, 1, '2020-02-06 21:19:01', '2020-02-06 22:21:12', '2886795265'),
       (518, 1, '2020-02-06 22:21:17', '2020-02-06 22:22:12', '2886795265'),
       (519, 1, '2020-02-06 22:22:57', NULL, '2886795265'),
       (520, 1, '2020-02-06 22:41:15', NULL, '2886795265'),
       (521, 1, '2020-02-06 22:42:59', NULL, '2886795265'),
       (522, 1, '2020-02-06 22:49:32', NULL, '2886795265'),
       (523, 1, '2020-02-15 18:24:22', NULL, '2886795265'),
       (524, 1, '2020-02-15 18:28:48', NULL, '2886795265'),
       (525, 1, '2020-02-15 18:37:09', '2020-02-15 18:38:14', '2886795265'),
       (526, 1, '2020-02-17 17:43:49', '2020-02-17 22:18:36', '2886795265'),
       (527, 1, '2020-02-20 12:23:49', NULL, '2886795265'),
       (528, 1, '2020-02-20 22:55:03', NULL, '2886795265'),
       (529, 1, '2020-02-20 22:59:15', NULL, '2886795265'),
       (530, 1, '2020-02-21 23:17:07', '2020-02-21 23:59:13', '2886795265');
/*!40000 ALTER TABLE `frame_system_user_log`
    ENABLE KEYS */;
UNLOCK TABLES;

--
-- Temporary view structure for view `user_log_view`
--

DROP TABLE IF EXISTS `user_log_view`;
/*!50001 DROP VIEW IF EXISTS `user_log_view`*/;
SET @saved_cs_client = @@character_set_client;
/*!50503 SET character_set_client = utf8mb4 */;
/*!50001 CREATE VIEW `user_log_view` AS
SELECT 1 AS `id`,
       1 AS `user_id`,
       1 AS `user_name`,
       1 AS `login_dt`,
       1 AS `logout_dt`,
       1 AS `login_ip`
        */;
SET character_set_client = @saved_cs_client;

--
-- Table structure for table `users`
--

DROP TABLE IF EXISTS `users`;
/*!40101 SET @saved_cs_client = @@character_set_client */;
/*!50503 SET character_set_client = utf8mb4 */;
CREATE TABLE `users`
(
    `id`   int NOT NULL AUTO_INCREMENT,
    `name` char(20) DEFAULT NULL,
    PRIMARY KEY (`id`)
) ENGINE = InnoDB
  AUTO_INCREMENT = 2
  DEFAULT CHARSET = utf8mb4
  COLLATE = utf8mb4_0900_ai_ci;
/*!40101 SET character_set_client = @saved_cs_client */;

--
-- Dumping data for table `users`
--

LOCK TABLES `users` WRITE;
/*!40000 ALTER TABLE `users`
    DISABLE KEYS */;
INSERT INTO `users` (`id`, `name`)
VALUES (1, 'swoole');
/*!40000 ALTER TABLE `users`
    ENABLE KEYS */;
UNLOCK TABLES;

--
-- Final view structure for view `user_log_view`
--

/*!50001 DROP VIEW IF EXISTS `user_log_view`*/;
/*!50001 SET @saved_cs_client = @@character_set_client */;
/*!50001 SET @saved_cs_results = @@character_set_results */;
/*!50001 SET @saved_col_connection = @@collation_connection */;
/*!50001 SET character_set_client = utf8mb4 */;
/*!50001 SET character_set_results = utf8mb4 */;
/*!50001 SET collation_connection = utf8mb4_0900_ai_ci */;
/*!50001 CREATE ALGORITHM = UNDEFINED */ /*!50013 DEFINER =`root`@`%` SQL SECURITY DEFINER */ /*!50001 VIEW `user_log_view` AS
select `frame_system_user_log`.`id`                  AS `id`,
       `frame_system_user_log`.`user_id`             AS `user_id`,
       `frame_system_user`.`name`                    AS `user_name`,
       `frame_system_user_log`.`login_dt`            AS `login_dt`,
       `frame_system_user_log`.`logout_dt`           AS `logout_dt`,
       inet_ntoa(`frame_system_user_log`.`login_ip`) AS `login_ip`
from (`frame_system_user_log`
         left join `frame_system_user` on ((`frame_system_user`.`id` = `frame_system_user_log`.`user_id`)))
        */;
/*!50001 SET character_set_client = @saved_cs_client */;
/*!50001 SET character_set_results = @saved_cs_results */;
/*!50001 SET collation_connection = @saved_col_connection */;
/*!40103 SET TIME_ZONE = @OLD_TIME_ZONE */;

/*!40101 SET SQL_MODE = @OLD_SQL_MODE */;
/*!40014 SET FOREIGN_KEY_CHECKS = @OLD_FOREIGN_KEY_CHECKS */;
/*!40014 SET UNIQUE_CHECKS = @OLD_UNIQUE_CHECKS */;
/*!40101 SET CHARACTER_SET_CLIENT = @OLD_CHARACTER_SET_CLIENT */;
/*!40101 SET CHARACTER_SET_RESULTS = @OLD_CHARACTER_SET_RESULTS */;
/*!40101 SET COLLATION_CONNECTION = @OLD_COLLATION_CONNECTION */;
/*!40111 SET SQL_NOTES = @OLD_SQL_NOTES */;

-- Dump completed on 2020-02-28 18:56:24
